P1_RW(2019.06.05-11.12.46)__Tr1.csv,P2_RW(2019.06.05-11.12.46)__Tr1.csv
P1_RW(2019.06.05-11.12.46)__Tr2.csv,P2_RW(2019.06.05-11.12.46)__Tr2.csv
P1_RW(2019.06.05-11.12.46)__Tr3.csv,P2_RW(2019.06.05-11.12.46)__Tr3.csv
P1_RW(2019.06.05-11.12.46)__Tr4.csv,P2_RW(2019.06.05-11.12.46)__Tr4.csv
P3_RW(2019.06.05-11.12.46)__Tr1.csv,P4_RW(2019.06.05-12.26.42)__Tr1.csv
P3_RW(2019.06.05-11.12.46)__Tr2.csv,P4_RW(2019.06.05-12.26.42)__Tr2.csv
P3_RW(2019.06.05-11.12.46)__Tr3.csv,P4_RW(2019.06.05-12.26.42)__Tr3.csv
P3_RW(2019.06.05-11.12.46)__Tr4.csv,P4_RW(2019.06.05-12.26.42)__Tr4.csv
P9_RW(2019.06.05-11.12.46)__Tr1.csv,P10_RW(2019.06.05-12.26.42)__Tr1.csv
P9_RW(2019.06.05-11.12.46)__Tr2.csv,P10_RW(2019.06.05-12.26.42)__Tr2.csv
P9_RW(2019.06.05-11.12.46)__Tr3.csv,P10_RW(2019.06.05-12.26.42)__Tr3.csv
P9_RW(2019.06.05-11.12.46)__Tr4.csv,P10_RW(2019.06.05-12.26.42)__Tr4.csv
P11_RW(2019.06.05-12.26.42)__Tr1.csv,P12_RW(2019.06.05-12.26.42)__Tr1.csv
P11_RW(2019.06.05-12.26.42)__Tr2.csv,P12_RW(2019.06.05-12.26.42)__Tr2.csv
P11_RW(2019.06.05-12.26.42)__Tr3.csv,P12_RW(2019.06.05-12.26.42)__Tr3.csv
P11_RW(2019.06.05-12.26.42)__Tr4.csv,P12_RW(2019.06.05-12.26.42)__Tr4.csv
P13_RW(2019.06.05-11.12.46)__Tr1.csv,P14_RW(2019.06.05-11.12.46)__Tr1.csv
P13_RW(2019.06.05-11.12.46)__Tr2.csv,P14_RW(2019.06.05-11.12.46)__Tr2.csv
P13_RW(2019.06.05-11.12.46)__Tr3.csv,P14_RW(2019.06.05-11.12.46)__Tr3.csv
P13_RW(2019.06.05-11.12.46)__Tr4.csv,P14_RW(2019.06.05-11.12.46)__Tr4.csv
P15_RW(2019.06.05-11.12.46)__Tr1.csv,P16_RW(2019.06.05-11.12.46)__Tr1.csv
P15_RW(2019.06.05-11.12.46)__Tr2.csv,P16_RW(2019.06.05-11.12.46)__Tr2.csv
P15_RW(2019.06.05-11.12.46)__Tr3.csv,P16_RW(2019.06.05-11.12.46)__Tr3.csv
P15_RW(2019.06.05-11.12.46)__Tr4.csv,P16_RW(2019.06.05-11.12.46)__Tr4.csv
P17_RW(2019.06.05-11.12.46)__Tr1.csv,P18_RW(2019.06.05-11.12.46)__Tr1.csv
P17_RW(2019.06.05-11.12.46)__Tr3.csv,P18_RW(2019.06.05-11.12.46)__Tr3.csv
P17_RW(2019.06.05-11.12.46)__Tr4.csv,P18_RW(2019.06.05-11.12.46)__Tr4.csv
P19_RW(2019.06.05-11.12.46)__Tr1.csv,P20_RW(2019.06.05-11.12.46)__Tr1.csv
P19_RW(2019.06.05-11.12.46)__Tr2.csv,P20_RW(2019.06.05-11.12.46)__Tr2.csv
P19_RW(2019.06.05-11.12.46)__Tr3.csv,P20_RW(2019.06.05-11.12.46)__Tr3.csv
P19_RW(2019.06.05-11.12.46)__Tr4.csv,P20_RW(2019.06.05-11.12.46)__Tr4.csv
P21_RW(2019.06.05-11.12.46)__Tr1.csv,P22_RW(2019.06.05-11.12.46)__Tr1.csv
P21_RW(2019.06.05-11.12.46)__Tr2.csv,P22_RW(2019.06.05-11.12.46)__Tr2.csv
P21_RW(2019.06.05-11.12.46)__Tr3.csv,P22_RW(2019.06.05-11.12.46)__Tr3.csv
P21_RW(2019.06.05-11.12.46)__Tr4.csv,P22_RW(2019.06.05-11.12.46)__Tr4.csv
