P1_VR(2019.06.28-12.58.50)__Tr1.csv,P2_VR(2019.06.28-12.58.58)__Tr1.csv
P1_VR(2019.06.28-12.58.50)__Tr2.csv,P2_VR(2019.06.28-12.58.58)__Tr2.csv
P1_VR(2019.06.28-12.58.50)__Tr3.csv,P2_VR(2019.06.28-12.58.58)__Tr3.csv
P1_VR(2019.06.28-12.58.50)__Tr4.csv,P2_VR(2019.06.28-12.58.58)__Tr4.csv
P9_VR(2019.06.25-11.58.27)__Tr1.csv,P10_VR(2019.06.25-11.58.32)__Tr1.csv
P9_VR(2019.06.25-11.58.27)__Tr2.csv,P10_VR(2019.06.25-11.58.32)__Tr2.csv
P9_VR(2019.06.25-11.58.27)__Tr3.csv,P10_VR(2019.06.25-11.58.32)__Tr3.csv
P9_VR(2019.06.25-11.58.27)__Tr4.csv,P10_VR(2019.06.25-11.58.32)__Tr4.csv
P11_VR(2019.06.24-14.11.07)__Tr1.csv,P12_VR(2019.06.24-14.11.03)__Tr1.csv
P11_VR(2019.06.24-14.11.07)__Tr2.csv,P12_VR(2019.06.24-14.11.03)__Tr2.csv
P11_VR(2019.06.24-14.11.07)__Tr3.csv,P12_VR(2019.06.24-14.11.03)__Tr3.csv
P11_VR(2019.06.24-14.11.07)__Tr4.csv,P12_VR(2019.06.24-14.11.03)__Tr4.csv
P15_VR(2019.06.20-14.48.51)__Tr1.csv,P16_VR(2019.06.20-14.48.51)__Tr1.csv
P15_VR(2019.06.20-14.48.51)__Tr2.csv,P16_VR(2019.06.20-14.48.51)__Tr2.csv
P15_VR(2019.06.20-14.48.51)__Tr3.csv,P16_VR(2019.06.20-14.48.51)__Tr3.csv
P15_VR(2019.06.20-14.48.51)__Tr4.csv,P16_VR(2019.06.20-14.48.51)__Tr4.csv
P17_VR(2019.06.21-15.41.12)__Tr1.csv,P18_VR(2019.06.21-15.40.58)__Tr1.csv
P17_VR(2019.06.21-15.41.12)__Tr2.csv,P18_VR(2019.06.21-15.40.58)__Tr2.csv
P17_VR(2019.06.21-15.41.12)__Tr3.csv,P18_VR(2019.06.21-15.40.58)__Tr3.csv
P17_VR(2019.06.21-15.41.12)__Tr4.csv,P18_VR(2019.06.21-15.40.58)__Tr4.csv
P19_VR(2019.07.02-16.15.14)__Tr1.csv,P20_VR(2019.07.02-16.15.18)__Tr1.csv
P19_VR(2019.07.02-16.15.14)__Tr2.csv,P20_VR(2019.07.02-16.15.18)__Tr2.csv
P19_VR(2019.07.02-16.15.14)__Tr3.csv,P20_VR(2019.07.02-16.15.18)__Tr3.csv
P19_VR(2019.07.02-16.15.14)__Tr4.csv,P20_VR(2019.07.02-16.15.18)__Tr4.csv
P21_VR(2019.06.25-17.21.22)__Tr1.csv,P22_VR(2019.06.25-17.21.27)__Tr1.csv
P21_VR(2019.06.25-17.21.22)__Tr2.csv,P22_VR(2019.06.25-17.21.27)__Tr2.csv
P21_VR(2019.06.25-17.21.22)__Tr3.csv,P22_VR(2019.06.25-17.21.27)__Tr3.csv
P21_VR(2019.06.25-17.21.22)__Tr4.csv,P22_VR(2019.06.25-17.21.27)__Tr4.csv
